{"cameraMode":{"drawMode":0,"name":"Shaded","section":"Shading Mode"},"sceneLighting":true,"audioPlay":false,"sceneViewState":{"m_AlwaysRefresh":false,"showFog":true,"showSkybox":true,"showFlares":true,"showImageEffects":true,"showParticleSystems":true,"showVisualEffectGraphs":true,"m_FxEnabled":true},"in2DMode":false,"pivot":{"x":28.05999755859375,"y":14.350000381469727,"z":17.540000915527345},"rotation":{"x":-0.12314341962337494,"y":0.7610649466514587,"z":-0.15150421857833863,"w":-0.6185969114303589},"size":1.0235360860824586,"orthographic":false}